vehicle,DS_name_v
Zaufany E-bike,Arkońska 6
Zaufany Skuter,Arkońska 6
Zaufany Skuter,Arkońska 6
Zaufany Skuter,Arkońska 6
Zaufany E-bike,Czarnieckiego 6
Zaufany Skuter,Czarnieckiego 6
Zaufany Skuter,Czarnieckiego 6
Zaufany Skuter,Czarnieckiego 6
Zaufany Skuter,Czarnieckiego 6
Zaufany Skuter,Czarnieckiego 6
Zaufany Skuter,Człuchowska 35a
Zaufany Skuter,Człuchowska 35a
Zaufany Skuter,Człuchowska 35a
Zaufany Skuter,Człuchowska 35a
Zaufany E-bike,Dolna 41
Zaufany E-bike,Dolna 41
Zaufany E-bike,Elektryczna 2
Zaufany E-bike,Fieldorfa 2
Zaufany Skuter,Fieldorfa 2
Zaufany Skuter,Fieldorfa 2
Zaufany Skuter,Gliwicka 2
Zaufany Skuter,Gliwicka 2
Zaufany Skuter,Gliwicka 2
Zaufany Skuter,Gliwicka 2
Zaufany Skuter,Grenadierów 11
Zaufany Skuter,Grenadierów 11
Zaufany E-bike,Hawajska 11
Zaufany E-bike,Hawajska 11
Zaufany Skuter,Hawajska 11
Zaufany Skuter,Hawajska 11
Zaufany Skuter,Hawajska 11
Zaufany Skuter,Hawajska 11
Zaufany E-bike,Herbu Janina 5
Zaufany Skuter,Herbu Janina 5
Zaufany Skuter,Herbu Janina 5
Zaufany Skuter,Kamienna 1
Zaufany Skuter,Kamienna 1
Zaufany Skuter,Konstruktorska 13a
Zaufany Skuter,Konstruktorska 13a
Zaufany Skuter,Konstruktorska 13a
Zaufany Skuter,Konstruktorska 13a
Zaufany E-bike,Lekarska 1
Zaufany E-bike,Lekarska 1
Zaufany E-bike,Lekka 3
Zaufany E-bike,Lekka 3
Zaufany Skuter,Lekka 3
Zaufany Skuter,Lekka 3
Zaufany Skuter,Lekka 3
Zaufany Skuter,Lekka 3
Zaufany E-bike,Lirowa 26
Zaufany E-bike,Lirowa 26
Zaufany E-bike,Lirowa 26
Zaufany E-bike,Lirowa 26
Zaufany Skuter,Lirowa 26
Zaufany Skuter,Lirowa 26
Zaufany Skuter,Lirowa 26
Zaufany E-bike,Mogilska 21
Zaufany E-bike,Mogilska 21
Zaufany E-bike,Mogilska 21
Zaufany Skuter,Puławska 17
Zaufany E-bike,Rakoczego 19
Zaufany Skuter,Rakoczego 19
Zaufany Skuter,Rakoczego 19
Zaufany E-bike,Rydygiera 13
Zaufany E-bike,Rydygiera 13
Zaufany E-bike,Rydygiera 13
Zaufany E-bike,Rydygiera 13
Zaufany E-bike,Sielecka 35
Zaufany E-bike,Sikorskiego 3a
Zaufany E-bike,Sikorskiego 3a
Zaufany E-bike,Sikorskiego 3a
Zaufany Skuter,Sikorskiego 3a
Zaufany E-bike,Solidarności 155
Zaufany E-bike,Solidarności 155
Zaufany E-bike,Solidarności 155
Zaufany E-bike,Solidarności 155
Zaufany E-bike,Solidarności 155
Zaufany E-bike,Solidarności 155
Zaufany E-bike,Solidarności 155
Zaufany E-bike,Solidarności 155
Zaufany Skuter,Solidarności 155
Zaufany E-bike,Sukiennicza 8
Zaufany E-bike,Sukiennicza 8
Zaufany Skuter,Sukiennicza 8
Zaufany Skuter,Sukiennicza 8
Zaufany Skuter,Sukiennicza 8
Zaufany E-bike,Szarych Szeregów 11
Zaufany E-bike,Szarych Szeregów 11
Zaufany E-bike,Szarych Szeregów 11
Zaufany E-bike,Szarych Szeregów 11
Zaufany E-bike,Szarych Szeregów 11
Zaufany E-bike,Szarych Szeregów 11
Zaufany Skuter,Szarych Szeregów 11
Zaufany Skuter,Szarych Szeregów 11
Zaufany Skuter,Szarych Szeregów 11
Zaufany Skuter,Szarych Szeregów 11
Zaufany E-bike,Tarnowiecka 13
Zaufany Skuter,Walerego Sławka 15
Zaufany Skuter,Walerego Sławka 15
Zaufany Skuter,Walerego Sławka 15
Zaufany E-bike,Wrocławska 53B
Zaufany E-bike,Wrocławska 53B
Zaufany Skuter,Wrocławska 53B